Title,Url,Channel Name
Best Halwaa in the world,https://i.ytimg.com/vi_webp/L-qCPzUuV9Y/hq2.webp,Hmm!
à¤¦à¥à¤•à¤¾à¤¨à¤¦à¤¾à¤° à¤¨à¥‡ à¤²à¤¿à¤¯à¤¾ à¤¬à¤¦à¤²à¤¾ ğŸ˜‚ğŸ˜‚ğŸ˜‚,https://i.ytimg.com/vi/C9AzaPJ4kj8/hq2.jpg,grandmasti arpit
OMG Hot burger! ğŸ˜‚ #shorts Best video by MoniLina,https://i.ytimg.com/vi/twuYIuJlMF0/hq2.jpg,MoniLina
"#Pushpa - The Rise (Hindi) Official Trailer | Allu Arjun, Rashmika, Sunil, Fahadh | DSP | Sukumar",,Goldmines
"Jeev Rangalaya Song Video | New Marathi Song 2021 | Vishal Phale, Rutuja Bagwe | Bhushan Gosavi",,Everest Marathi
Papa ki khushi ko badlne nhi denge |Ajay Sharma #shorts #motivation #story,,Ajay Sharma
Boys Vs. Girls during ShoppingğŸ˜‚ #shorts #imkavy,,imkavy
Money Heist ft. Nanu | Salonayyy | Saloni Gaur,,Salonayyy
Maa jaisa koi nhinğŸ˜¢ #inspiration #emotional #sad #mother #trending #gyan #family,,Ishaan Ali 11
Ek dardbhari kahaniğŸ˜­ğŸ‘à¥¤Ajay sharma #shorts #story,,Ajay Sharma
